"fever2wk","male","urban","pinf.rdt0","pinf.rdt1","pinf","reg","age"
0,0,0,0.166950411,0.871359957,0.747346674,"Sud-Ouest",0
0,0,0,0.149997333,0.881681322,0.767833143,"Sud-Ouest",1
0,0,0,0.265613149,0.893446244,0.823401474,"Sud-Ouest",2
0,0,0,0.262133624,0.900538678,0.839674379,"Sud-Ouest",3
0,0,0,0.366203377,0.91030335,0.847118025,"Sud-Ouest",4
1,0,0,0.167232113,0.848024163,0.736010852,"Sud-Ouest",0
1,0,0,0.1506894,0.860027948,0.756970183,"Sud-Ouest",1
1,0,0,0.273903397,0.876426816,0.814336783,"Sud-Ouest",2
1,0,0,0.269246371,0.884774046,0.831674353,"Sud-Ouest",3
1,0,0,0.373732642,0.895102571,0.839071531,"Sud-Ouest",4
0,1,0,0.191959215,0.857739154,0.732455234,"Sud-Ouest",0
0,1,0,0.17401285,0.869033522,0.753083688,"Sud-Ouest",1
0,1,0,0.303445498,0.882198743,0.810908399,"Sud-Ouest",2
0,1,0,0.29931591,0.889762997,0.82849803,"Sud-Ouest",3
0,1,0,0.403711092,0.900170527,0.835936096,"Sud-Ouest",4
1,1,0,0.193970409,0.833238357,0.721332972,"Sud-Ouest",0
1,1,0,0.174813908,0.846531025,0.742186492,"Sud-Ouest",1
1,1,0,0.311354557,0.864054867,0.802086595,"Sud-Ouest",2
1,1,0,0.30809529,0.873309206,0.819580983,"Sud-Ouest",3
1,1,0,0.412096605,0.883650848,0.827561899,"Sud-Ouest",4
0,0,1,0.050904216,0.72144532,0.433362056,"Sud-Ouest",0
0,0,1,0.044075923,0.737225208,0.458520038,"Sud-Ouest",1
0,0,1,0.081248883,0.740362072,0.537653831,"Sud-Ouest",2
0,0,1,0.078014774,0.749708733,0.564136719,"Sud-Ouest",3
0,0,1,0.121272666,0.774481327,0.575113778,"Sud-Ouest",4
1,0,1,0.050198916,0.673595891,0.420369758,"Sud-Ouest",0
1,0,1,0.043288463,0.692127692,0.444654242,"Sud-Ouest",1
1,0,1,0.081866119,0.701340893,0.524327845,"Sud-Ouest",2
1,0,1,0.079568665,0.712087074,0.550833557,"Sud-Ouest",3
1,0,1,0.121629534,0.73690327,0.562852075,"Sud-Ouest",4
0,1,1,0.059024,0.696432883,0.415519044,"Sud-Ouest",0
0,1,1,0.051619,0.713959742,0.441682284,"Sud-Ouest",1
0,1,1,0.094085055,0.718222121,0.519797719,"Sud-Ouest",2
0,1,1,0.092481928,0.728324542,0.546103264,"Sud-Ouest",3
0,1,1,0.138016237,0.752138266,0.557436209,"Sud-Ouest",4
1,1,1,0.058051899,0.645657099,0.403203516,"Sud-Ouest",0
1,1,1,0.050874635,0.66698508,0.42763733,"Sud-Ouest",1
1,1,1,0.094953421,0.677530784,0.506490332,"Sud-Ouest",2
1,1,1,0.092874239,0.689478884,0.532354499,"Sud-Ouest",3
1,1,1,0.138396629,0.713554248,0.543555607,"Sud-Ouest",4
0,0,0,0.372283662,0.784158123,0.626835574,"Cascades",0
0,0,0,0.465522729,0.76286959,0.645600285,"Cascades",1
0,0,0,0.477430987,0.801549388,0.706218339,"Cascades",2
0,0,0,0.481457733,0.813569491,0.72075182,"Cascades",3
0,0,0,0.553867914,0.823663522,0.73203269,"Cascades",4
1,0,0,0.358842595,0.765458715,0.603950657,"Cascades",0
1,0,0,0.451775185,0.743409985,0.622600683,"Cascades",1
1,0,0,0.464174898,0.78394141,0.685373318,"Cascades",2
1,0,0,0.467405075,0.795427881,0.698592301,"Cascades",3
1,0,0,0.537356524,0.807116461,0.710990616,"Cascades",4
0,1,0,0.386638233,0.768981298,0.612384289,"Cascades",0
0,1,0,0.477208755,0.744974728,0.631436931,"Cascades",1
0,1,0,0.495099072,0.787561144,0.693152174,"Cascades",2
0,1,0,0.498475124,0.799928882,0.70772282,"Cascades",3
0,1,0,0.56698847,0.808890625,0.718779806,"Cascades",4
1,1,0,0.372529874,0.749115446,0.589306604,"Cascades",0
1,1,0,0.461610466,0.723676763,0.607699754,"Cascades",1
1,1,0,0.480090918,0.768756639,0.671742951,"Cascades",2
1,1,0,0.483956082,0.781825151,0.686239654,"Cascades",3
1,1,0,0.550300059,0.790971399,0.697597364,"Cascades",4
0,0,1,0.123210505,0.706327462,0.314125461,"Cascades",0
0,0,1,0.164561438,0.666055601,0.331177879,"Cascades",1
0,0,1,0.165387577,0.695561136,0.394399798,"Cascades",2
0,0,1,0.166675644,0.71070999,0.410531746,"Cascades",3
0,0,1,0.214165812,0.732605982,0.422984045,"Cascades",4
1,0,1,0.117630646,0.68319019,0.292795128,"Cascades",0
1,0,1,0.156606795,0.640506952,0.310069868,"Cascades",1
1,0,1,0.158902816,0.672756804,0.372304055,"Cascades",2
1,0,1,0.15995134,0.689041341,0.387464122,"Cascades",3
1,0,1,0.205196006,0.7121071,0.399977606,"Cascades",4
0,1,1,0.129823235,0.689173461,0.30032352,"Cascades",0
0,1,1,0.171397657,0.643888998,0.317573119,"Cascades",1
0,1,1,0.174738609,0.677442913,0.380106948,"Cascades",2
0,1,1,0.17559898,0.693149826,0.395180531,"Cascades",3
0,1,1,0.222780165,0.714124037,0.408305333,"Cascades",4
1,1,1,0.123361022,0.664562624,0.279605156,"Cascades",0
1,1,1,0.162841066,0.617799308,0.297083108,"Cascades",1
1,1,1,0.167344056,0.65465655,0.357550036,"Cascades",2
1,1,1,0.167949394,0.669995641,0.372136489,"Cascades",3
1,1,1,0.212240409,0.693263424,0.384223373,"Cascades",4
0,0,0,0.13319199,0.742669427,0.628521253,"Nord",0
0,0,0,0.170523595,0.73825088,0.645640879,"Nord",1
0,0,0,0.206299569,0.764024304,0.698595352,"Nord",2
0,0,0,0.183538147,0.819742342,0.743097203,"Nord",3
0,0,0,0.300609026,0.812409339,0.749288497,"Nord",4
1,0,0,0.044276771,0.668731746,0.562202918,"Nord",0
1,0,0,0.059416105,0.666062829,0.579270176,"Nord",1
1,0,0,0.073067543,0.697510157,0.635462252,"Nord",2
1,0,0,0.059460136,0.759835858,0.684999324,"Nord",3
1,0,0,0.121378315,0.755197512,0.691914104,"Nord",4
0,1,0,0.136943119,0.717698198,0.599734654,"Nord",0
0,1,0,0.174242534,0.71188577,0.617201503,"Nord",1
0,1,0,0.209973126,0.740009547,0.672312037,"Nord",2
0,1,0,0.187728588,0.799247726,0.718737896,"Nord",3
0,1,0,0.304740482,0.790284868,0.724890836,"Nord",4
1,1,0,0.046492692,0.640566016,0.533279778,"Nord",0
1,1,0,0.062596964,0.637253672,0.550210265,"Nord",1
1,1,0,0.075774406,0.670440412,0.607246563,"Nord",2
1,1,0,0.063159237,0.736337931,0.658246921,"Nord",3
1,1,0,0.124667215,0.730867785,0.66520045,"Nord",4
0,0,1,0.039100732,0.573535567,0.34194839,"Nord",0
0,0,1,0.049530523,0.555893368,0.357581394,"Nord",1
0,0,1,0.058587989,0.574139075,0.414133654,"Nord",2
0,0,1,0.054279303,0.665752578,0.46710885,"Nord",3
0,0,1,0.093936576,0.64747977,0.474540564,"Nord",4
1,0,1,0.011544099,0.470609005,0.280066854,"Nord",0
1,0,1,0.015115036,0.458307203,0.295241174,"Nord",1
1,0,1,0.01753052,0.480753222,0.346990927,"Nord",2
1,0,1,0.015453633,0.572637381,0.397925758,"Nord",3
1,0,1,0.030967971,0.558221401,0.405568945,"Nord",4
0,1,1,0.040204233,0.541897941,0.314551202,"Nord",0
0,1,1,0.049844702,0.523415767,0.330426367,"Nord",1
0,1,1,0.059546663,0.543782094,0.385461404,"Nord",2
0,1,1,0.055543151,0.637124694,0.43832915,"Nord",3
0,1,1,0.095514047,0.617865808,0.445200993,"Nord",4
1,1,1,0.011965923,0.438025735,0.255907668,"Nord",0
1,1,1,0.015708266,0.425887189,0.270506279,"Nord",1
1,1,1,0.018258297,0.449853714,0.319598182,"Nord",2
1,1,1,0.016260258,0.541246264,0.371513632,"Nord",3
1,1,1,0.031975122,0.526696251,0.377594255,"Nord",4
0,0,0,0.271025166,0.81073725,0.746453859,"Boucle de Mouhoun",0
0,0,0,0.338924917,0.827961399,0.780614582,"Boucle de Mouhoun",1
0,0,0,0.338872143,0.834095402,0.796310872,"Boucle de Mouhoun",2
0,0,0,0.493964383,0.894623806,0.869438563,"Boucle de Mouhoun",3
0,0,0,0.525798267,0.868390962,0.837744539,"Boucle de Mouhoun",4
1,0,0,0.363479438,0.778768979,0.731690853,"Boucle de Mouhoun",0
1,0,0,0.446364073,0.800151562,0.767328523,"Boucle de Mouhoun",1
1,0,0,0.452908525,0.808667342,0.78246885,"Boucle de Mouhoun",2
1,0,0,0.610086166,0.877117354,0.860096025,"Boucle de Mouhoun",3
1,0,0,0.633672202,0.845680645,0.826018902,"Boucle de Mouhoun",4
0,1,0,0.267584616,0.773223184,0.702741802,"Boucle de Mouhoun",0
0,1,0,0.330904262,0.791700378,0.739526936,"Boucle de Mouhoun",1
0,1,0,0.334571398,0.798947624,0.756864514,"Boucle de Mouhoun",2
0,1,0,0.485224801,0.868440953,0.839663489,"Boucle de Mouhoun",3
0,1,0,0.512615259,0.837148321,0.803208646,"Boucle de Mouhoun",4
1,1,0,0.355826587,0.735625045,0.686206801,"Boucle de Mouhoun",0
1,1,0,0.436997221,0.758778321,0.724425982,"Boucle de Mouhoun",1
1,1,0,0.446326464,0.768751523,0.74141307,"Boucle de Mouhoun",2
1,1,0,0.598654299,0.847407101,0.828318069,"Boucle de Mouhoun",3
1,1,0,0.620635418,0.810895718,0.790209484,"Boucle de Mouhoun",4
0,0,1,0.088085272,0.569458647,0.390664623,"Boucle de Mouhoun",0
0,0,1,0.108465059,0.583650159,0.434692655,"Boucle de Mouhoun",1
0,0,1,0.106627287,0.584020192,0.454609931,"Boucle de Mouhoun",2
0,0,1,0.173394561,0.689686423,0.574765641,"Boucle de Mouhoun",3
0,0,1,0.193684806,0.641258339,0.516804641,"Boucle de Mouhoun",4
1,0,1,0.116666867,0.500793153,0.373313276,"Boucle de Mouhoun",0
1,0,1,0.14673836,0.521142255,0.417496041,"Boucle de Mouhoun",1
1,0,1,0.147881022,0.525827604,0.436397698,"Boucle de Mouhoun",2
1,0,1,0.234994666,0.637955789,0.55702267,"Boucle de Mouhoun",3
1,0,1,0.251716886,0.58196765,0.499587994,"Boucle de Mouhoun",4
0,1,1,0.083881829,0.510746584,0.340312564,"Boucle de Mouhoun",0
0,1,1,0.105062109,0.52654436,0.382861615,"Boucle de Mouhoun",1
0,1,1,0.103343241,0.527571432,0.401778774,"Boucle de Mouhoun",2
0,1,1,0.169599751,0.638340992,0.522780075,"Boucle de Mouhoun",3
0,1,1,0.186185904,0.585279699,0.463907315,"Boucle de Mouhoun",4
1,1,1,0.111730947,0.440553768,0.324252898,"Boucle de Mouhoun",0
1,1,1,0.140980063,0.461288134,0.365921576,"Boucle de Mouhoun",1
1,1,1,0.142850594,0.467828334,0.383509887,"Boucle de Mouhoun",2
1,1,1,0.22852423,0.582675811,0.50427025,"Boucle de Mouhoun",3
1,1,1,0.240785688,0.522479472,0.446050093,"Boucle de Mouhoun",4
0,0,0,0.299212281,0.813299175,0.731605001,"Centre-Ouest",0
0,0,0,0.278315137,0.823809967,0.740911983,"Centre-Ouest",1
0,0,0,0.522912464,0.85830078,0.820567743,"Centre-Ouest",2
0,0,0,0.460526601,0.876075887,0.837980054,"Centre-Ouest",3
0,0,0,0.568302457,0.865153416,0.831020836,"Centre-Ouest",4
1,0,0,0.304983773,0.776325585,0.706205594,"Centre-Ouest",0
1,0,0,0.282595776,0.786882275,0.713799588,"Centre-Ouest",1
1,0,0,0.537815676,0.831169028,0.799798762,"Centre-Ouest",2
1,0,0,0.475812679,0.851556834,0.818779591,"Centre-Ouest",3
1,0,0,0.583973745,0.838392772,0.810408534,"Centre-Ouest",4
0,1,0,0.325857289,0.794430741,0.71037827,"Centre-Ouest",0
0,1,0,0.304444684,0.806145819,0.718752602,"Centre-Ouest",1
0,1,0,0.549462407,0.842357249,0.803244613,"Centre-Ouest",2
0,1,0,0.493478497,0.861945992,0.821405598,"Centre-Ouest",3
0,1,0,0.593356101,0.849148713,0.81391397,"Centre-Ouest",4
1,1,0,0.334732959,0.755382568,0.683733805,"Centre-Ouest",0
1,1,0,0.311625281,0.766993041,0.691132035,"Centre-Ouest",1
1,1,0,0.567025682,0.812108847,0.781321069,"Centre-Ouest",2
1,1,0,0.509191188,0.8345907,0.800829118,"Centre-Ouest",3
1,1,0,0.610079173,0.81980379,0.791995237,"Centre-Ouest",4
0,0,1,0.083592956,0.554099118,0.395860322,"Centre-Ouest",0
0,0,1,0.075260627,0.571847298,0.406462885,"Centre-Ouest",1
0,0,1,0.175329609,0.614835626,0.51558393,"Centre-Ouest",2
0,0,1,0.141441411,0.648645322,0.542769148,"Centre-Ouest",3
0,0,1,0.201291897,0.625589969,0.530513608,"Centre-Ouest",4
1,0,1,0.084612277,0.491788256,0.365965305,"Centre-Ouest",0
1,0,1,0.076328799,0.508663636,0.37569548,"Centre-Ouest",1
1,0,1,0.183009665,0.561729247,0.483782345,"Centre-Ouest",2
1,0,1,0.147435263,0.596446004,0.510775445,"Centre-Ouest",3
1,0,1,0.211599909,0.572831877,0.499092185,"Centre-Ouest",4
0,1,1,0.093661382,0.526804522,0.371241127,"Centre-Ouest",0
0,1,1,0.084723676,0.54499442,0.38086928,"Centre-Ouest",1
0,1,1,0.193757088,0.586655477,0.489237534,"Centre-Ouest",2
0,1,1,0.160017299,0.622828414,0.516326946,"Centre-Ouest",3
0,1,1,0.219813369,0.597643498,0.504825498,"Centre-Ouest",4
1,1,1,0.094787072,0.462497903,0.341220001,"Centre-Ouest",0
1,1,1,0.086129356,0.480466518,0.351253791,"Centre-Ouest",1
1,1,1,0.201829897,0.531444617,0.457911434,"Centre-Ouest",2
1,1,1,0.166054687,0.568813047,0.484712173,"Centre-Ouest",3
1,1,1,0.231005096,0.542366441,0.473074401,"Centre-Ouest",4
0,0,0,0.429977374,0.841187372,0.688784306,"Sahel",0
0,0,0,0.433532245,0.833897854,0.689677721,"Sahel",1
0,0,0,0.589207413,0.86740531,0.781550261,"Sahel",2
0,0,0,0.534930489,0.858072433,0.770710965,"Sahel",3
0,0,0,0.652883083,0.87611025,0.803490789,"Sahel",4
1,0,0,0.484412329,0.787615473,0.671396504,"Sahel",0
1,0,0,0.490723273,0.779455548,0.671841961,"Sahel",1
1,0,0,0.650124837,0.826126849,0.767894597,"Sahel",2
1,0,0,0.605075576,0.817516261,0.756020392,"Sahel",3
1,0,0,0.706629297,0.836662393,0.790571964,"Sahel",4
0,1,0,0.457285149,0.824201383,0.677187609,"Sahel",0
0,1,0,0.461146166,0.816671941,0.6784313,"Sahel",1
0,1,0,0.616556556,0.852995853,0.772460952,"Sahel",2
0,1,0,0.567200669,0.843976049,0.760668052,"Sahel",3
0,1,0,0.676027741,0.861426376,0.794464219,"Sahel",4
1,1,0,0.510534706,0.766553198,0.660661925,"Sahel",0
1,1,0,0.516691299,0.757948191,0.661399516,"Sahel",1
1,1,0,0.674322738,0.807811981,0.758343386,"Sahel",2
1,1,0,0.632322854,0.79926472,0.746024442,"Sahel",3
1,1,0,0.726309486,0.818154207,0.781351871,"Sahel",4
0,0,1,0.368365053,0.799756208,0.552599141,"Sahel",0
0,0,1,0.370507713,0.788338315,0.552828675,"Sahel",1
0,0,1,0.506820175,0.815911836,0.661986747,"Sahel",2
0,0,1,0.461476966,0.806750192,0.647154138,"Sahel",3
0,0,1,0.566263379,0.822737565,0.689333006,"Sahel",4
1,0,1,0.402842283,0.718037414,0.534096426,"Sahel",0
1,0,1,0.404552024,0.705767028,0.534346387,"Sahel",1
1,0,1,0.549602584,0.748424213,0.645710906,"Sahel",2
1,0,1,0.510002203,0.738511554,0.630664646,"Sahel",3
1,0,1,0.605169082,0.754905304,0.673657177,"Sahel",4
0,1,1,0.387146785,0.774846646,0.540820202,"Sahel",0
0,1,1,0.387656232,0.763492916,0.540308308,"Sahel",1
0,1,1,0.527156344,0.793185704,0.650820562,"Sahel",2
0,1,1,0.483765585,0.784325102,0.636303778,"Sahel",3
0,1,1,0.582362868,0.799440884,0.678912875,"Sahel",4
1,1,1,0.418348209,0.684688166,0.523019873,"Sahel",0
1,1,1,0.420260049,0.671448508,0.521665564,"Sahel",1
1,1,1,0.565182138,0.718224375,0.633978404,"Sahel",2
1,1,1,0.528502183,0.710479394,0.61906378,"Sahel",3
1,1,1,0.618605446,0.724126166,0.662888792,"Sahel",4
0,0,0,0.201299248,0.760544919,0.567625178,"Centre",0
0,0,0,0.30117408,0.767330704,0.605146627,"Centre",1
0,0,0,0.267196369,0.770169609,0.644161202,"Centre",2
0,0,0,0.228403341,0.775142054,0.630301929,"Centre",3
0,0,0,0.392087795,0.779045743,0.679360519,"Centre",4
1,0,0,0.110826793,0.716603685,0.520028008,"Centre",0
1,0,0,0.184284517,0.729094143,0.558026209,"Centre",1
1,0,0,0.150555345,0.727794663,0.598209268,"Centre",2
1,0,0,0.122742206,0.732296701,0.581670322,"Centre",3
1,0,0,0.249656982,0.742351661,0.634647848,"Centre",4
0,1,0,0.204352836,0.744894421,0.540873469,"Centre",0
0,1,0,0.302956401,0.749981005,0.579676089,"Centre",1
0,1,0,0.272822498,0.753897019,0.620034549,"Centre",2
0,1,0,0.234338127,0.759280925,0.604924747,"Centre",3
0,1,0,0.392287065,0.760429451,0.656042751,"Centre",4
1,1,0,0.116338127,0.698432176,0.494018902,"Centre",0
1,1,0,0.18943851,0.710425571,0.532975268,"Centre",1
1,1,0,0.156978929,0.710317916,0.573732042,"Centre",2
1,1,0,0.129653319,0.71540433,0.557037912,"Centre",3
1,1,0,0.255020369,0.723198794,0.609726542,"Centre",4
0,0,1,0.034246375,0.433916367,0.141888175,"Centre",0
0,0,1,0.055227471,0.436623475,0.164558802,"Centre",1
0,0,1,0.046829046,0.426875433,0.192473929,"Centre",2
0,0,1,0.039826065,0.441835564,0.182152727,"Centre",3
0,0,1,0.076298823,0.430216174,0.218964707,"Centre",4
1,0,1,0.017151937,0.365367108,0.116888718,"Centre",0
1,0,1,0.029859141,0.376113694,0.136461683,"Centre",1
1,0,1,0.023450556,0.364045783,0.161008389,"Centre",2
1,0,1,0.019461276,0.374010906,0.15110639,"Centre",3
1,0,1,0.041437476,0.374102301,0.185168463,"Centre",4
0,1,1,0.034259983,0.410897067,0.128110555,"Centre",0
0,1,1,0.054484561,0.410514869,0.148827267,"Centre",1
0,1,1,0.047617865,0.402512752,0.175205536,"Centre",2
0,1,1,0.040374001,0.419516077,0.165361336,"Centre",3
0,1,1,0.075960566,0.404293708,0.200448553,"Centre",4
1,1,1,0.017278582,0.343854168,0.104760383,"Centre",0
1,1,1,0.02978024,0.353445402,0.122831339,"Centre",1
1,1,1,0.024049927,0.342676586,0.145616053,"Centre",2
1,1,1,0.019949188,0.353752598,0.13653261,"Centre",3
1,1,1,0.041470898,0.351292248,0.168393374,"Centre",4
0,0,0,0.212112651,0.80382298,0.654546114,"Centre-Est",0
0,0,0,0.284078154,0.804946563,0.679600899,"Centre-Est",1
0,0,0,0.307403852,0.830889487,0.740609289,"Centre-Est",2
0,0,0,0.281332578,0.821173397,0.731863143,"Centre-Est",3
0,0,0,0.386217583,0.854530797,0.766045803,"Centre-Est",4
1,0,0,0.239675388,0.779482836,0.644007088,"Centre-Est",0
1,0,0,0.316975965,0.781804662,0.669463985,"Centre-Est",1
1,0,0,0.347178928,0.812140775,0.731755472,"Centre-Est",2
1,0,0,0.320322154,0.802087715,0.722665771,"Centre-Est",3
1,0,0,0.425663919,0.83692714,0.757362833,"Centre-Est",4
0,1,0,0.211510864,0.788897868,0.636878754,"Centre-Est",0
0,1,0,0.282529267,0.790200388,0.661670245,"Centre-Est",1
0,1,0,0.307322362,0.818100681,0.725032304,"Centre-Est",2
0,1,0,0.280572261,0.807549542,0.715457553,"Centre-Est",3
0,1,0,0.383970613,0.842565378,0.751085319,"Centre-Est",4
1,1,0,0.238041951,0.763135467,0.625342534,"Centre-Est",0
1,1,0,0.313656594,0.764991721,0.651895667,"Centre-Est",1
1,1,0,0.346709987,0.797886458,0.715825341,"Centre-Est",2
1,1,0,0.319163153,0.787477725,0.706378017,"Centre-Est",3
1,1,0,0.421410188,0.823621965,0.742149221,"Centre-Est",4
0,0,1,0.054893753,0.588208659,0.298325031,"Centre-Est",0
0,0,1,0.07655011,0.583271581,0.32391969,"Centre-Est",1
0,0,1,0.082803039,0.609842834,0.39027442,"Centre-Est",2
0,0,1,0.072928543,0.591288765,0.379380138,"Centre-Est",3
0,0,1,0.111908332,0.654588455,0.421104839,"Centre-Est",4
1,0,1,0.061690654,0.541083193,0.289091259,"Centre-Est",0
1,0,1,0.084966674,0.539196404,0.314020828,"Centre-Est",1
1,0,1,0.094317738,0.571994608,0.380311058,"Centre-Est",2
1,0,1,0.083550699,0.552653265,0.369106043,"Centre-Est",3
1,0,1,0.126271421,0.615375171,0.410097198,"Centre-Est",4
0,1,1,0.054460564,0.564352071,0.282786406,"Centre-Est",0
0,1,1,0.075162785,0.558824236,0.307076975,"Centre-Est",1
0,1,1,0.081827175,0.588455344,0.372174166,"Centre-Est",2
0,1,1,0.072282169,0.568795097,0.361712772,"Centre-Est",3
0,1,1,0.111119003,0.633536117,0.401720305,"Centre-Est",4
1,1,1,0.060908329,0.518520702,0.273176093,"Centre-Est",0
1,1,1,0.084205487,0.514597868,0.297578588,"Centre-Est",1
1,1,1,0.093242744,0.549549754,0.363148597,"Centre-Est",2
1,1,1,0.082917224,0.531126298,0.350476354,"Centre-Est",3
1,1,1,0.12432861,0.593064801,0.391695833,"Centre-Est",4
0,0,0,0.167218405,0.772333139,0.643371092,"Centre-Nord",0
0,0,0,0.166639058,0.767166047,0.656025829,"Centre-Nord",1
0,0,0,0.242823527,0.796818933,0.720801129,"Centre-Nord",2
0,0,0,0.269336877,0.833417356,0.766018462,"Centre-Nord",3
0,0,0,0.34657184,0.820884447,0.748633794,"Centre-Nord",4
1,0,0,0.070328341,0.727465596,0.61143635,"Centre-Nord",0
1,0,0,0.066462281,0.722844808,0.623227247,"Centre-Nord",1
1,0,0,0.106552439,0.759181961,0.690591672,"Centre-Nord",2
1,0,0,0.117130771,0.800628037,0.739914581,"Centre-Nord",3
1,0,0,0.175142737,0.788308285,0.720655748,"Centre-Nord",4
0,1,0,0.173985781,0.755777603,0.628064772,"Centre-Nord",0
0,1,0,0.172617448,0.750723327,0.639090623,"Centre-Nord",1
0,1,0,0.253332677,0.782052511,0.705915855,"Centre-Nord",2
0,1,0,0.27959423,0.820657695,0.752986462,"Centre-Nord",3
0,1,0,0.35363826,0.807043729,0.735535204,"Centre-Nord",4
1,1,0,0.074115775,0.710509572,0.595307103,"Centre-Nord",0
1,1,0,0.070438058,0.705609353,0.606200917,"Centre-Nord",1
1,1,0,0.112335635,0.743676031,0.676284045,"Centre-Nord",2
1,1,0,0.123588069,0.787310394,0.72567727,"Centre-Nord",3
1,1,0,0.181500773,0.7736542,0.706078855,"Centre-Nord",4
0,0,1,0.062232957,0.539131176,0.340487106,"Centre-Nord",0
0,0,1,0.060996841,0.527419079,0.352457049,"Centre-Nord",1
0,0,1,0.091857445,0.561491508,0.422029098,"Centre-Nord",2
0,0,1,0.103582408,0.617847157,0.479365752,"Centre-Nord",3
0,0,1,0.139979699,0.597951133,0.455547426,"Centre-Nord",4
1,0,1,0.024268224,0.475151546,0.310121619,"Centre-Nord",0
1,0,1,0.022565148,0.465145111,0.32147953,"Centre-Nord",1
1,0,1,0.036295647,0.50596424,0.38897072,"Centre-Nord",2
1,0,1,0.040378919,0.563115332,0.44582315,"Centre-Nord",3
1,0,1,0.061461006,0.545455293,0.420745784,"Centre-Nord",4
0,1,1,0.064281212,0.515709169,0.32588037,"Centre-Nord",0
0,1,1,0.062730484,0.505087311,0.337071848,"Centre-Nord",1
0,1,1,0.095771114,0.539952352,0.406714226,"Centre-Nord",2
0,1,1,0.108037224,0.596677398,0.463689447,"Centre-Nord",3
0,1,1,0.144299521,0.575521055,0.43889953,"Centre-Nord",4
1,1,1,0.025479815,0.452609767,0.295548345,"Centre-Nord",0
1,1,1,0.023549144,0.443010881,0.306275902,"Centre-Nord",1
1,1,1,0.037889615,0.484381423,0.37369025,"Centre-Nord",2
1,1,1,0.042591808,0.542451344,0.428877744,"Centre-Nord",3
1,1,1,0.063609057,0.523913722,0.405609842,"Centre-Nord",4
0,0,0,0.149347384,0.747479427,0.566070743,"Plateau Central",0
0,0,0,0.239452315,0.749525574,0.588834108,"Plateau Central",1
0,0,0,0.208822103,0.776013365,0.658951584,"Plateau Central",2
0,0,0,0.236308161,0.803797211,0.702489839,"Plateau Central",3
0,0,0,0.317799696,0.7935008,0.691777167,"Plateau Central",4
1,0,0,0.141978764,0.678279306,0.527712428,"Plateau Central",0
1,0,0,0.231364779,0.682610702,0.551373389,"Plateau Central",1
1,0,0,0.204595212,0.718808657,0.622365054,"Plateau Central",2
1,0,0,0.233781164,0.753276496,0.668199308,"Plateau Central",3
1,0,0,0.313892685,0.73971387,0.656844541,"Plateau Central",4
0,1,0,0.16755221,0.734082524,0.555870899,"Plateau Central",0
0,1,0,0.261658517,0.735016865,0.58021191,"Plateau Central",1
0,1,0,0.235439246,0.764574603,0.650201313,"Plateau Central",2
0,1,0,0.265451253,0.793935329,0.694433311,"Plateau Central",3
0,1,0,0.347392315,0.782058293,0.683834133,"Plateau Central",4
1,1,0,0.161055148,0.663647522,0.517735736,"Plateau Central",0
1,1,0,0.254656438,0.666709616,0.541667902,"Plateau Central",1
1,1,0,0.231119889,0.706597036,0.613459267,"Plateau Central",2
1,1,0,0.262741666,0.742157337,0.659837326,"Plateau Central",3
1,1,0,0.344365467,0.727975033,0.648898428,"Plateau Central",4
0,0,1,0.077609209,0.638632787,0.334396071,"Plateau Central",0
0,0,1,0.124760759,0.634191476,0.357548654,"Plateau Central",1
0,0,1,0.106590124,0.654277337,0.426634488,"Plateau Central",2
0,0,1,0.122799346,0.689225167,0.475801169,"Plateau Central",3
0,0,1,0.167926883,0.672678389,0.463071996,"Plateau Central",4
1,0,1,0.069930964,0.539796543,0.298735052,"Plateau Central",0
1,0,1,0.114590156,0.538611113,0.321184905,"Plateau Central",1
1,0,1,0.100033558,0.569753927,0.389220885,"Plateau Central",2
1,0,1,0.11571515,0.60977423,0.437802106,"Plateau Central",3
1,0,1,0.159204333,0.591128457,0.424371494,"Plateau Central",4
0,1,1,0.086007968,0.619729306,0.325297454,"Plateau Central",0
0,1,1,0.136259687,0.612550828,0.348311832,"Plateau Central",1
0,1,1,0.119913259,0.638274914,0.418073056,"Plateau Central",2
0,1,1,0.137666576,0.673677702,0.467304931,"Plateau Central",3
0,1,1,0.183379272,0.655250792,0.454010034,"Plateau Central",4
1,1,1,0.078616637,0.519284479,0.290745625,"Plateau Central",0
1,1,1,0.126165399,0.515932594,0.312553986,"Plateau Central",1
1,1,1,0.112789548,0.553720174,0.38040211,"Plateau Central",2
1,1,1,0.131355379,0.594968186,0.428106616,"Plateau Central",3
1,1,1,0.174952005,0.573275363,0.415447082,"Plateau Central",4
0,0,0,0.173421606,0.792504684,0.720623012,"Centre-Sud",0
0,0,0,0.278081242,0.805836538,0.748984659,"Centre-Sud",1
0,0,0,0.291239277,0.842613458,0.805750549,"Centre-Sud",2
0,0,0,0.276935129,0.822474578,0.790686546,"Centre-Sud",3
0,0,0,0.370898275,0.856350865,0.82146753,"Centre-Sud",4
1,0,0,0.078235441,0.752759085,0.698318565,"Centre-Sud",0
1,0,0,0.140380577,0.770409793,0.726570357,"Centre-Sud",1
1,0,0,0.142210155,0.813956328,0.786736862,"Centre-Sud",2
1,0,0,0.134899253,0.793254092,0.770151132,"Centre-Sud",3
1,0,0,0.199933154,0.830024848,0.803165827,"Centre-Sud",4
0,1,0,0.200359015,0.773112642,0.701898929,"Centre-Sud",0
0,1,0,0.309151484,0.786488749,0.730517596,"Centre-Sud",1
0,1,0,0.330394582,0.826309649,0.789377254,"Centre-Sud",2
0,1,0,0.31610933,0.805187402,0.773937702,"Centre-Sud",3
0,1,0,0.410426354,0.841105494,0.805782212,"Centre-Sud",4
1,1,0,0.094412373,0.731961787,0.677792729,"Centre-Sud",0
1,1,0,0.168643759,0.750812394,0.707096598,"Centre-Sud",1
1,1,0,0.174276348,0.797059794,0.769662411,"Centre-Sud",2
1,1,0,0.165897397,0.77556092,0.752439089,"Centre-Sud",3
1,1,0,0.237093063,0.814165101,0.787318009,"Centre-Sud",4
0,0,1,0.078350581,0.646199425,0.512585069,"Centre-Sud",0
0,0,1,0.129775567,0.659738805,0.548297254,"Centre-Sud",1
0,0,1,0.132423235,0.704610814,0.621458627,"Centre-Sud",2
0,0,1,0.122688069,0.670103234,0.599211135,"Centre-Sud",3
0,0,1,0.178640446,0.725153716,0.642381865,"Centre-Sud",4
1,0,1,0.031131103,0.582791166,0.484305957,"Centre-Sud",0
1,0,1,0.057391874,0.604387523,0.521581194,"Centre-Sud",1
1,0,1,0.056549259,0.6570065,0.59576631,"Centre-Sud",2
1,0,1,0.05231024,0.622592148,0.572339845,"Centre-Sud",3
1,0,1,0.081964219,0.67923882,0.616813033,"Centre-Sud",4
0,1,1,0.090661757,0.618532598,0.490083585,"Centre-Sud",0
0,1,1,0.146639461,0.631467047,0.525921145,"Centre-Sud",1
0,1,1,0.153964868,0.679798412,0.600289877,"Centre-Sud",2
0,1,1,0.143684737,0.644992858,0.57661806,"Centre-Sud",3
0,1,1,0.202196001,0.701615485,0.621868426,"Centre-Sud",4
1,1,1,0.038593006,0.557990883,0.461988454,"Centre-Sud",0
1,1,1,0.069558313,0.578170382,0.498825933,"Centre-Sud",1
1,1,1,0.070101195,0.632591672,0.573839299,"Centre-Sud",2
1,1,1,0.065052302,0.598066624,0.549398439,"Centre-Sud",3
1,1,1,0.100213042,0.655703314,0.595233842,"Centre-Sud",4
0,0,0,0.27210395,0.834558442,0.689704158,"Hauts Basins",0
0,0,0,0.310337976,0.827366957,0.698974076,"Hauts Basins",1
0,0,0,0.380263175,0.864574077,0.780177997,"Hauts Basins",2
0,0,0,0.3898808,0.875738877,0.793504016,"Hauts Basins",3
0,0,0,0.4998281,0.876608757,0.801036555,"Hauts Basins",4
1,0,0,0.258609295,0.795130079,0.682530932,"Hauts Basins",0
1,0,0,0.298708019,0.788022647,0.691367209,"Hauts Basins",1
1,0,0,0.370522111,0.836843096,0.774551096,"Hauts Basins",2
1,0,0,0.381861883,0.8494662,0.787970399,"Hauts Basins",3
1,0,0,0.494780027,0.85090026,0.795387491,"Hauts Basins",4
0,1,0,0.277450635,0.827278821,0.670363834,"Hauts Basins",0
0,1,0,0.315659924,0.819379541,0.679651846,"Hauts Basins",1
0,1,0,0.385377029,0.856875771,0.763508052,"Hauts Basins",2
0,1,0,0.395608719,0.868496336,0.777441604,"Hauts Basins",3
0,1,0,0.499481164,0.868776268,0.786184107,"Hauts Basins",4
1,1,0,0.263590461,0.784557538,0.662950316,"Hauts Basins",0
1,1,0,0.306097684,0.776823342,0.672024435,"Hauts Basins",1
1,1,0,0.375945015,0.826778915,0.757765118,"Hauts Basins",2
1,1,0,0.386932569,0.839259746,0.771303417,"Hauts Basins",3
1,1,0,0.497124917,0.841252734,0.779613278,"Hauts Basins",4
0,0,1,0.027403748,0.460110763,0.161304666,"Hauts Basins",0
0,0,1,0.032248377,0.437948771,0.167731496,"Hauts Basins",1
0,0,1,0.041651005,0.494439879,0.239103923,"Hauts Basins",2
0,0,1,0.043697483,0.521900542,0.253281363,"Hauts Basins",3
0,0,1,0.06555762,0.520509314,0.261353237,"Hauts Basins",4
1,0,1,0.023501958,0.364759995,0.156115432,"Hauts Basins",0
1,0,1,0.028002616,0.349491624,0.162608182,"Hauts Basins",1
1,0,1,0.036693135,0.411651111,0.231972825,"Hauts Basins",2
1,0,1,0.038268617,0.437300145,0.246028025,"Hauts Basins",3
1,0,1,0.05926515,0.437544985,0.254842419,"Hauts Basins",4
0,1,1,0.028096313,0.451788625,0.148464353,"Hauts Basins",0
0,1,1,0.032718058,0.42674172,0.154284141,"Hauts Basins",1
0,1,1,0.042907365,0.48405346,0.222281664,"Hauts Basins",2
0,1,1,0.045249081,0.510540201,0.236083132,"Hauts Basins",3
0,1,1,0.066595148,0.508759066,0.244032882,"Hauts Basins",4
1,1,1,0.024129592,0.35390046,0.143117434,"Hauts Basins",0
1,1,1,0.028558751,0.336671739,0.149530427,"Hauts Basins",1
1,1,1,0.037867964,0.399278608,0.215580653,"Hauts Basins",2
1,1,1,0.039754719,0.424686306,0.229270948,"Hauts Basins",3
1,1,1,0.060400923,0.425560106,0.237196258,"Hauts Basins",4
0,0,0,0.370883885,0.734923815,0.650047267,"Est",0
0,0,0,0.457534113,0.741386878,0.680259431,"Est",1
0,0,0,0.459279147,0.741783454,0.693918527,"Est",2
0,0,0,0.504189832,0.800240586,0.750283169,"Est",3
0,0,0,0.606759922,0.803145726,0.763775268,"Est",4
1,0,0,0.246683457,0.718233014,0.637873146,"Est",0
1,0,0,0.322578702,0.727825369,0.668652621,"Est",1
1,0,0,0.317146193,0.728101387,0.682276467,"Est",2
1,0,0,0.355934342,0.787947681,0.740388841,"Est",3
1,0,0,0.47601497,0.79424669,0.753006431,"Est",4
0,1,0,0.37393298,0.694648608,0.612305652,"Est",0
0,1,0,0.458472993,0.701533526,0.643608645,"Est",1
0,1,0,0.462773043,0.703211585,0.658092723,"Est",2
0,1,0,0.508223827,0.76707603,0.718267106,"Est",3
0,1,0,0.606507944,0.7682761,0.731944673,"Est",4
1,1,0,0.254987683,0.678980225,0.599955596,"Est",0
1,1,0,0.332209964,0.689868771,0.631871847,"Est",1
1,1,0,0.328918964,0.690967969,0.645470676,"Est",2
1,1,0,0.368296981,0.754910191,0.707278148,"Est",3
1,1,0,0.481978254,0.761500799,0.721264119,"Est",4
0,0,1,0.350164142,0.733618046,0.630959188,"Est",0
0,0,1,0.431655512,0.737792399,0.661396721,"Est",1
0,0,1,0.429720736,0.735091501,0.672810789,"Est",2
0,0,1,0.478853815,0.796870856,0.733390387,"Est",3
0,0,1,0.577441588,0.798995999,0.747655816,"Est",4
1,0,1,0.230182542,0.715655385,0.619691135,"Est",0
1,0,1,0.299329778,0.723597474,0.649695396,"Est",1
1,0,1,0.292607819,0.720928076,0.662965747,"Est",2
1,0,1,0.332733477,0.782831434,0.723760484,"Est",3
1,0,1,0.445711179,0.790030537,0.738036304,"Est",4
0,1,1,0.351624963,0.693454614,0.592831133,"Est",0
0,1,1,0.431657065,0.697018939,0.623665325,"Est",1
0,1,1,0.434120411,0.695381568,0.636667921,"Est",2
0,1,1,0.481541454,0.762659682,0.699420949,"Est",3
0,1,1,0.57562173,0.76293079,0.714707478,"Est",4
1,1,1,0.2363688,0.677220314,0.581254348,"Est",0
1,1,1,0.308176286,0.684496867,0.613039561,"Est",1
1,1,1,0.305046552,0.682694712,0.625357624,"Est",2
1,1,1,0.343834179,0.749501909,0.689240685,"Est",3
1,1,1,0.450346959,0.756755638,0.70426055,"Est",4
